x,y1,y2,y3,y4,Y13,Y24,Y36,Y40,dev_y1_Y13,dev_y2_Y24,dev_y3_Y36,dev_y4_Y40
-20.0,-45.29234,-15999.796,99.52958,899.8275,-45.0,-16000.0,100.0,899.5919,0.29234000000000293,0.2039999999997235,0.4704200000000043,0.23559999999997672
-19.9,-44.36496,-15761.017,99.89567,893.4274,-44.8,-15761.198,99.5,893.5128,0.43503999999999365,0.18100000000049477,0.3956699999999955,0.08539999999993597
-19.8,-44.565968,-15524.681,98.85578,887.16046,-44.6,-15524.784,99.0,887.4587,0.03403200000000339,0.10299999999915599,0.14422000000000423,0.298240000000078
-19.7,-44.76245,-15290.5,98.1261,881.4487,-44.4,-15290.746,98.5,881.43036,0.3624500000000026,0.2459999999991851,0.3739000000000061,0.01834000000008018
-19.6,-44.188698,-15058.586,97.511475,875.37726,-44.2,-15059.072,98.0,875.4286,0.01130200000000059,0.4860000000007858,0.48852499999999566,0.051339999999981956
-19.5,-44.325283,-14829.747,97.89807,869.4099,-44.0,-14829.75,97.5,869.45416,0.3252829999999989,0.0030000000006111804,0.39807000000000414,0.044260000000008404
-19.4,-44.25751,-14602.485,96.85988,863.8766,-43.8,-14602.768,97.0,863.5077,0.4575100000000063,0.282999999999447,0.14011999999999603,0.3689000000000533
-19.3,-43.125065,-14378.414,96.852066,857.5563,-43.6,-14378.114,96.5,857.5897,0.4749350000000021,0.3000000000010914,0.35206599999999355,0.03340000000002874
-19.2,-43.14248,-14155.929,95.52498,851.42163,-43.4,-14155.776,96.0,851.7008,0.2575199999999995,0.15300000000024738,0.47502000000000066,0.2791699999999082
-19.1,-43.300583,-13935.392,95.96843,845.65063,-43.2,-13935.742,95.5,845.8412,0.10058300000000031,0.3500000000003638,0.4684299999999979,0.1905699999999797
-19.0,-42.875423,-13718.042,95.377365,839.93085,-43.0,-13718.0,95.0,840.0113,0.12457700000000216,0.04199999999946158,0.3773649999999975,0.08045000000004165
-18.9,-42.94328,-13502.642,94.743195,834.3143,-42.8,-13502.538,94.5,834.21124,0.1432800000000043,0.10399999999935972,0.24319500000000005,0.10306000000002769
-18.8,-42.340214,-13289.002,94.043816,828.2413,-42.6,-13289.344,94.0,828.4412,0.2597859999999983,0.341999999998734,0.04381600000000674,0.1998999999999569
-18.7,-42.112392,-13078.37,93.623535,823.1283,-42.4,-13078.406,93.5,822.7012,0.28760799999999875,0.03600000000005821,0.12353500000000395,0.4270999999999958
-18.6,-41.990173,-12869.967,92.95969,816.8228,-42.2,-12869.712,93.0,816.99097,0.2098270000000042,0.25500000000101863,0.040310000000005175,0.16816999999991822
-18.5,-41.772976,-12663.32,92.20281,811.35956,-42.0,-12663.25,92.5,811.3105,0.22702400000000011,0.06999999999970896,0.2971900000000005,0.049059999999940374
-18.4,-41.32246,-12459.056,92.36537,805.2177,-41.8,-12459.008,92.0,805.65936,0.47753999999999763,0.04800000000068394,0.36536999999999864,0.4416599999999562
-18.3,-41.247326,-12256.788,91.11789,799.8028,-41.6,-12256.974,91.5,800.03723,0.3526740000000004,0.1859999999996944,0.3821099999999973,0.23442999999997483
-18.2,-41.05463,-12057.295,90.653404,794.1718,-41.4,-12057.136,91.0,794.44366,0.3453699999999955,0.15899999999965075,0.34659600000000523,0.2718600000000606
-18.1,-41.39409,-11859.699,90.907425,788.5623,-41.2,-11859.482,90.5,788.878,0.19408999999999565,0.21700000000055297,0.4074250000000035,0.31569999999999254
-18.0,-41.33695,-11663.903,89.84142,782.85504,-41.0,-11664.0,90.0,783.33966,0.33695000000000164,0.09699999999975262,0.1585800000000006,0.48461999999994987
-17.9,-40.717873,-11470.728,89.92756,777.8969,-40.8,-11470.678,89.5,777.82794,0.08212699999999984,0.049999999999272404,0.4275599999999997,0.06895999999994729
-17.8,-40.46489,-11279.917,89.39797,772.06604,-40.6,-11279.504,89.0,772.34204,0.1351100000000045,0.41299999999864667,0.3979700000000008,0.2759999999999536
-17.7,-40.174564,-11090.439,88.88937,766.6588,-40.4,-11090.466,88.5,766.8811,0.22543600000000197,0.027000000000043656,0.38936999999999955,0.22229999999990468
-17.6,-40.409603,-10904.015,87.90862,761.10486,-40.2,-10903.552,88.0,761.4443,0.2096029999999942,0.46299999999973807,0.0913800000000009,0.33943999999996777
-17.5,-39.546944,-10718.343,87.29848,756.1839,-40.0,-10718.75,87.5,756.0306,0.4530559999999966,0.4069999999992433,0.20152000000000214,0.1532999999999447
-17.4,-39.38404,-10536.112,87.07872,750.6001,-39.8,-10536.048,87.0,750.63904,0.41595999999999833,0.0639999999984866,0.07872000000000412,0.038940000000025066
-17.3,-40.079357,-10354.985,86.707054,745.4498,-39.6,-10355.434,86.5,745.26874,0.47935700000000026,0.4489999999987049,0.2070539999999994,0.18106000000000222
-17.2,-38.904865,-10176.984,86.35679,739.514,-39.4,-10176.896,86.0,739.9187,0.49513499999999766,0.08799999999973807,0.3567900000000037,0.40469999999993433
-17.1,-38.765858,-10000.822,85.93742,734.445,-39.2,-10000.422,85.5,734.5878,0.43414200000000136,0.3999999999996362,0.43742000000000303,0.14279999999996562
-17.0,-38.72946,-9826.456,85.08967,728.78735,-39.0,-9826.0,85.0,729.27515,0.2705399999999969,0.45600000000013097,0.08966999999999814,0.4878000000001066
-16.9,-38.7408,-9653.323,84.800354,724.08606,-38.8,-9653.618,84.5,723.9798,0.05919999999999703,0.29500000000007276,0.3003539999999987,0.10626000000002023
-16.8,-38.565224,-9483.553,83.587814,718.7637,-38.6,-9483.264,84.0,718.7007,0.034776000000000806,0.2890000000006694,0.4121860000000055,0.06299999999998818
-16.7,-38.278473,-9315.004,83.543915,713.2938,-38.4,-9314.926,83.5,713.437,0.12152700000000038,0.07800000000133878,0.04391499999999837,0.1431999999999789
-16.6,-38.00296,-9148.764,83.408485,708.361,-38.2,-9148.592,83.0,708.1878,0.19704000000000121,0.17199999999866122,0.4084849999999989,0.17319999999995161
-16.5,-37.50441,-8983.898,82.39564,703.38153,-38.0,-8984.25,82.5,702.9524,0.49559,0.35200000000077125,0.10435999999999979,0.42912999999998647
-16.4,-38.129,-8821.426,81.78814,697.5423,-37.8,-8821.888,82.0,697.7299,0.3290000000000006,0.46200000000135333,0.2118600000000015,0.18760000000008858
-16.3,-37.820213,-8661.155,81.05207,692.7168,-37.6,-8661.494,81.5,692.5198,0.2202130000000011,0.3389999999999418,0.4479299999999995,0.19700000000000273
-16.2,-36.94235,-8502.721,80.97514,687.73334,-37.4,-8503.056,81.0,687.32135,0.457650000000001,0.3350000000009459,0.02486000000000388,0.4119899999999461
-16.1,-36.82691,-8346.716,80.24257,681.71045,-37.2,-8346.562,80.5,682.13416,0.3730900000000048,0.1540000000004511,0.2574299999999994,0.42370999999991454
-16.0,-36.883045,-8191.72,80.09404,676.71484,-37.0,-8192.0,80.0,676.95764,0.11695499999999726,0.27999999999974534,0.09404000000000678,0.24279999999998836
-15.9,-36.49973,-8039.184,79.855865,671.59357,-36.8,-8039.358,79.5,671.7916,0.3002699999999976,0.17399999999997817,0.3558649999999943,0.19803000000001703
-15.8,-36.1569,-7888.509,79.40431,666.5939,-36.6,-7888.624,79.0,666.63574,0.44310000000000116,0.11499999999978172,0.4043099999999953,0.041840000000092914
-15.7,-36.655327,-7739.3813,78.49408,661.57605,-36.4,-7739.786,78.5,661.49,0.2553270000000012,0.404700000000048,0.005920000000003256,0.08605000000000018
-15.6,-35.787064,-7592.5693,78.21933,656.54767,-36.2,-7592.832,78.0,656.3542,0.41293600000000197,0.26270000000022264,0.21932999999999936,0.19347000000004755
-15.5,-35.64769,-7448.235,77.76323,651.27344,-36.0,-7447.75,77.5,651.22845,0.3523100000000028,0.4849999999996726,0.26322999999999297,0.04499000000009801
-15.4,-35.501133,-7304.5635,76.51474,645.78485,-35.8,-7304.528,77.0,646.113,0.2988669999999942,0.035499999999956344,0.4852599999999967,0.32815000000005057
-15.3,-35.11005,-7163.4517,76.079445,641.36304,-35.6,-7163.154,76.5,641.00793,0.48995000000000033,0.29769999999916763,0.42055499999999313,0.35510999999996784
-15.2,-35.019688,-7023.5977,75.94827,636.0277,-35.4,-7023.616,76.0,635.91376,0.38031199999999643,0.018299999999726424,0.05173000000000627,0.11393999999995685
-15.1,-35.49745,-6886.3247,75.87151,631.23975,-35.2,-6885.902,75.5,630.8308,0.29744999999999777,0.4227000000000771,0.3715100000000007,0.40895000000000437
-15.0,-35.039158,-6749.7734,75.17947,625.71234,-35.0,-6750.0,75.0,625.7597,0.03915800000000047,0.22659999999996217,0.1794699999999949,0.04735999999991236
-14.9,-34.33332,-6616.3203,74.645874,621.11096,-34.8,-6615.898,74.5,620.701,0.46667999999999665,0.42230000000017753,0.14587400000000628,0.40995999999995547
-14.8,-34.182953,-6483.172,73.7852,615.9381,-34.6,-6483.584,74.0,615.65533,0.4170470000000037,0.41200000000026193,0.21479999999999677,0.28276999999991403
-14.7,-34.71442,-6353.193,73.19189,610.7793,-34.4,-6353.046,73.5,610.6236,0.31441999999999837,0.14699999999993452,0.3081099999999992,0.15570000000002437
-14.6,-34.129642,-6224.6826,73.23799,605.3818,-34.2,-6224.272,73.0,605.6065,0.07035800000000592,0.4106000000001586,0.23798999999999637,0.22469999999998436
-14.5,-33.578342,-6096.908,72.31666,600.5974,-34.0,-6097.25,72.5,600.6049,0.42165800000000075,0.3419999999996435,0.18334000000000117,0.007500000000050022
-14.4,-33.75277,-5972.2485,71.55761,595.92737,-33.8,-5971.968,72.0,595.6198,0.047229999999998995,0.2804999999998472,0.44239000000000317,0.3075699999999415
-14.3,-33.435658,-5848.832,71.72888,591.1279,-33.6,-5848.414,71.5,590.6521,0.16434200000000487,0.4180000000005748,0.22888000000000375,0.4757999999999356
-14.2,-32.981686,-5726.2417,70.76621,585.6857,-33.4,-5726.576,71.0,585.7028,0.4183139999999952,0.33430000000043947,0.23378999999999905,0.01710000000002765
-14.1,-33.24181,-5606.4214,70.17679,581.0774,-33.2,-5606.442,70.5,580.7728,0.041809999999998126,0.020599999999831198,0.3232100000000031,0.3046000000000504
-14.0,-33.29416,-5487.769,70.22683,575.8053,-33.0,-5488.0,70.0,575.8633,0.294159999999998,0.23099999999976717,0.22683000000000675,0.057999999999992724
-13.9,-32.72805,-5371.6816,69.43574,571.13666,-32.8,-5371.238,69.5,570.97504,0.07194999999999396,0.44359999999960564,0.06426000000000442,0.1616199999999708
-13.8,-32.526947,-5255.821,68.60188,566.3959,-32.6,-5256.144,69.0,566.1092,0.07305300000000159,0.32300000000032014,0.3981200000000058,0.2866999999999962
-13.7,-32.45094,-5142.795,68.74255,561.03595,-32.4,-5142.706,68.5,561.2666,0.050940000000004204,0.08899999999994179,0.24254999999999427,0.2306500000000824
-13.6,-31.849997,-5030.4355,68.35372,556.2663,-32.2,-5030.912,68.0,556.4483,0.3500030000000045,0.4765000000006694,0.3537199999999956,0.18200000000001637
-13.5,-32.244804,-4920.703,67.73159,551.54333,-32.0,-4920.75,67.5,551.6551,0.24480400000000202,0.04699999999957072,0.23158999999999708,0.11176999999997861
-13.4,-31.957684,-4812.3184,66.925995,546.6632,-31.8,-4812.208,67.0,546.8878,0.1576839999999997,0.11040000000048167,0.07400499999999965,0.22460000000000946
-13.3,-31.222588,-4705.697,66.205765,542.0325,-31.6,-4705.274,66.5,542.1473,0.3774120000000032,0.42299999999977445,0.29423500000000047,0.11479999999994561
-13.2,-31.700188,-4600.0312,66.42424,537.823,-31.4,-4599.936,66.0,537.43414,0.3001880000000021,0.0952000000006592,0.4242399999999975,0.3888600000000224
-13.1,-31.349499,-4495.9175,65.013306,533.14484,-31.2,-4496.182,65.5,532.749,0.14949900000000227,0.26450000000022555,0.48669399999999996,0.39584000000002106
-13.0,-31.181704,-4393.7085,65.486694,527.66205,-31.0,-4394.0,65.0,528.0925,0.18170399999999987,0.2915000000002692,0.48669399999999996,0.4304499999999507
-12.9,-31.103903,-4292.896,64.773705,523.65027,-30.8,-4293.378,64.5,523.46515,0.30390299999999826,0.4819999999999709,0.27370500000000675,0.18511999999998352
-12.8,-30.668179,-4194.0903,64.3549,518.6388,-30.6,-4194.304,64.0,518.8672,0.0681789999999971,0.21370000000024447,0.35490000000000066,0.22840000000007876
-12.7,-29.952919,-4096.727,63.940884,514.0796,-30.4,-4096.766,63.5,514.2989,0.4470809999999972,0.03899999999975989,0.44088399999999695,0.21929999999997563
-12.6,-30.39532,-4000.2625,63.262947,509.94046,-30.2,-4000.752,63.0,509.76056,0.19532000000000238,0.4895000000001346,0.26294699999999693,0.17989999999997508
-12.5,-29.5142,-3906.2222,62.453575,505.04733,-30.0,-3906.25,62.5,505.2522,0.4858000000000011,0.02779999999984284,0.04642499999999927,0.20487000000002809
-12.4,-29.426748,-3812.7644,61.962837,501.2644,-29.8,-3813.248,62.0,500.7738,0.3732520000000008,0.483600000000024,0.03716299999999961,0.490600000000029
-12.3,-29.499407,-3722.2283,61.43507,495.91702,-29.6,-3721.734,61.5,496.32526,0.10059299999999993,0.49430000000029395,0.06492999999999682,0.4082400000000348
-12.2,-29.719887,-3631.6328,60.530895,492.35406,-29.4,-3631.696,61.0,491.90637,0.31988700000000136,0.06320000000005166,0.469104999999999,0.4476900000000228
-12.1,-29.37747,-3543.248,60.653362,487.40894,-29.2,-3543.122,60.5,487.51678,0.17746999999999957,0.12600000000020373,0.15336200000000133,0.10784000000001015
-12.0,-29.18442,-3455.66,59.83143,482.74817,-29.0,-3456.0,60.0,483.15616,0.18441999999999936,0.3400000000001455,0.16857000000000255,0.40798999999998387
-11.9,-28.35507,-3369.889,59.422935,478.74515,-28.8,-3370.318,59.5,478.82394,0.4449299999999994,0.4290000000000873,0.0770649999999975,0.0787899999999695
-11.8,-28.5415,-3286.0764,58.90017,474.29782,-28.6,-3286.064,59.0,474.51956,0.05850000000000222,0.012400000000070577,0.0998299999999972,0.22174000000001115
-11.7,-28.620937,-3203.0173,58.77393,469.8487,-28.4,-3203.226,58.5,470.2424,0.22093700000000283,0.20870000000013533,0.27393,0.3936999999999671
-11.6,-27.965359,-3121.6853,58.452114,466.29666,-28.2,-3121.792,58.0,465.9917,0.23464099999999988,0.10669999999981883,0.4521140000000017,0.3049599999999941
-11.5,-27.928535,-3041.9167,57.537796,461.28894,-28.0,-3041.75,57.5,461.7667,0.07146499999999989,0.166700000000219,0.03779600000000016,0.4777599999999893
-11.4,-27.381987,-2963.3708,56.527687,457.33078,-27.8,-2963.088,57.0,457.5665,0.41801300000000197,0.282799999999952,0.47231299999999976,0.2357200000000148
-11.3,-27.10486,-2886.1584,56.374172,452.9461,-27.6,-2885.794,56.5,453.39026,0.4951400000000028,0.36439999999993233,0.1258279999999985,0.44416000000001077
-11.2,-27.284037,-2809.9658,55.841515,449.727,-27.4,-2809.856,56.0,449.237,0.11596299999999715,0.10979999999972279,0.15848499999999888,0.48999999999995225
-11.1,-26.855562,-2735.4565,55.33141,445.3952,-27.2,-2735.262,55.5,445.10577,0.34443800000000024,0.1944999999996071,0.1685900000000018,0.28942999999998165
-11.0,-27.453278,-2661.6118,55.396618,441.09314,-27.0,-2662.0,55.0,440.99557,0.45327800000000096,0.38819999999986976,0.3966179999999966,0.09757000000001881
-10.9,-26.821499,-2589.6045,54.65072,437.2136,-26.8,-2590.058,54.5,436.90543,0.021498999999998603,0.4535000000000764,0.15071999999999974,0.3081699999999614
-10.8,-26.899527,-2519.7737,53.540127,432.6608,-26.6,-2519.424,54.0,432.83432,0.29952699999999766,0.34970000000021173,0.45987300000000175,0.17351999999999634
-10.7,-26.291126,-2450.486,53.910507,428.3286,-26.4,-2450.086,53.5,428.78128,0.10887400000000014,0.40000000000009095,0.4105070000000026,0.45267999999998665
-10.6,-26.351233,-2381.5671,52.991592,425.08804,-26.2,-2382.032,53.0,424.74533,0.15123300000000128,0.46489999999994325,0.008408000000002858,0.3427099999999541
-10.5,-25.930012,-2315.3784,52.836918,421.0459,-26.0,-2315.25,52.5,420.72552,0.0699879999999986,0.12840000000005602,0.33691799999999716,0.3203800000000001
-10.4,-25.301222,-2249.5078,52.01544,416.84232,-25.8,-2249.728,52.0,416.72098,0.4987780000000015,0.22020000000020445,0.015439999999998122,0.12133999999997513
-10.3,-25.463093,-2185.3489,51.127144,412.27686,-25.6,-2185.454,51.5,412.73083,0.13690700000000078,0.10510000000022046,0.37285599999999874,0.45397000000002663
-10.2,-24.990276,-2122.7925,51.183815,409.21976,-25.4,-2122.416,51.0,408.75427,0.4097239999999971,0.37649999999985084,0.18381500000000273,0.4654899999999884
-10.1,-25.503315,-2060.94,50.134796,404.37924,-25.2,-2060.602,50.5,404.79056,0.30331500000000133,0.3380000000001928,0.36520399999999853,0.4113200000000461
-10.0,-24.851206,-2000.0396,49.659405,401.2517,-25.0,-2000.0,50.0,400.83908,0.14879399999999876,0.03960000000006403,0.3405950000000004,0.412620000000004
-9.9,-24.702164,-1940.3606,49.725094,397.33252,-24.8,-1940.598,49.5,396.8992,0.09783600000000092,0.23739999999997963,0.22509399999999857,0.4333199999999806
-9.8,-24.157104,-1882.8137,49.26612,393.39084,-24.6,-1882.384,49.0,392.97043,0.44289600000000107,0.4296999999999116,0.2661200000000008,0.42041000000000395
-9.7,-24.294022,-1825.1808,48.665127,389.1095,-24.4,-1825.346,48.5,389.05237,0.10597800000000035,0.16519999999991342,0.16512699999999825,0.05713000000002921
-9.6,-23.978096,-1769.178,48.249104,385.51736,-24.2,-1769.472,48.0,385.14468,0.22190399999999855,0.29399999999986903,0.24910400000000266,0.37268000000000256
-9.5,-24.403955,-1714.7048,47.173923,381.6363,-24.0,-1714.75,47.5,381.24716,0.40395499999999984,0.045200000000022555,0.32607699999999795,0.3891399999999976
-9.4,-23.739416,-1661.0466,47.08832,377.22003,-23.8,-1661.168,47.0,377.35968,0.06058400000000219,0.12139999999999418,0.08832000000000306,0.13965000000001737
-9.3,-23.51287,-1609.0009,46.055157,373.68466,-23.6,-1608.714,46.5,373.48224,0.08713000000000193,0.28690000000005966,0.44484299999999877,0.2024200000000178
-9.2,-23.457594,-1557.081,45.891514,369.41968,-23.4,-1557.376,46.0,369.61484,0.0575940000000017,0.29500000000007276,0.1084859999999992,0.19515999999998712
-9.1,-22.82419,-1506.8774,45.35853,365.5292,-23.2,-1507.142,45.5,365.75772,0.37580999999999776,0.2645999999999731,0.1414699999999982,0.22852000000000317
-9.0,-23.250015,-1457.9495,44.86046,362.25403,-23.0,-1458.0,45.0,361.91113,0.2500150000000012,0.05050000000005639,0.13953999999999667,0.342899999999986
-8.9,-22.979193,-1410.0637,44.96215,358.078,-22.8,-1409.938,44.5,358.07544,0.17919299999999794,0.12569999999982429,0.46215000000000117,0.0025599999999599277
-8.8,-22.581635,-1362.6335,44.49507,354.51575,-22.6,-1362.944,44.0,354.2511,0.01836500000000285,0.3105000000000473,0.49506999999999834,0.26465000000001737
-8.7,-22.355803,-1316.7395,43.83593,350.81268,-22.4,-1317.006,43.5,350.43866,0.04419699999999693,0.26650000000017826,0.3359299999999976,0.37401999999997315
-8.6,-21.80114,-1272.2129,43.349945,347.05127,-22.2,-1272.112,43.0,346.63873,0.3988599999999991,0.1008999999999105,0.3499449999999982,0.4125399999999786
-8.5,-22.071465,-1228.4868,42.919273,342.87488,-22.0,-1228.25,42.5,342.85202,0.07146499999999989,0.23679999999990287,0.4192729999999969,0.022860000000036962
-8.4,-21.910557,-1185.4872,41.664337,339.1299,-21.8,-1185.408,42.0,339.07928,0.11055700000000002,0.07920000000012806,0.3356629999999967,0.050620000000037635
-8.3,-21.379179,-1143.1812,41.625027,334.93448,-21.6,-1143.574,41.5,335.32138,0.22082100000000082,0.3928000000000793,0.12502700000000289,0.3868999999999687
-8.2,-21.356758,-1102.871,41.141727,331.16513,-21.4,-1102.736,41.0,331.57916,0.043241999999999337,0.1349999999999909,0.14172700000000304,0.4140300000000252
-8.1,-21.401426,-1063.0354,40.059364,327.74396,-21.2,-1062.882,40.5,327.85355,0.20142600000000144,0.1533999999999196,0.4406359999999978,0.10958999999996877
-8.0,-21.461487,-1023.6224,40.15521,323.84955,-21.0,-1024.0,40.0,324.1455,0.46148700000000176,0.37760000000002947,0.15520999999999674,0.2959500000000048
-7.9,-20.898449,-985.6917,39.32289,320.795,-20.8,-986.078,39.5,320.456,0.09844899999999868,0.38630000000000564,0.177109999999999,0.33899999999999864
-7.8,-20.5294,-948.73663,39.31796,316.90247,-20.6,-949.104,39.0,316.78604,0.07060000000000244,0.3673700000000508,0.31795999999999935,0.11642999999997983
-7.7,-20.108995,-913.39795,38.01448,312.72977,-20.4,-913.066,38.5,313.13663,0.2910049999999984,0.3319500000000062,0.48552000000000106,0.4068600000000515
-7.6,-20.344944,-878.3278,37.705296,309.80865,-20.2,-877.952,38.0,309.50873,0.1449440000000024,0.37580000000002656,0.29470400000000296,0.299919999999986
-7.5,-20.01338,-843.5431,37.831043,306.20615,-20.0,-843.75,37.5,305.90335,0.013380000000001502,0.20690000000001874,0.3310430000000011,0.30279999999999063
-7.4,-19.561605,-810.19165,37.36343,302.7397,-19.8,-810.448,37.0,302.32144,0.23839500000000058,0.25634999999999764,0.36343000000000103,0.41826000000003205
-7.3,-19.84066,-778.2001,36.14477,298.97855,-19.6,-778.034,36.5,298.76392,0.24065999999999832,0.16610000000002856,0.3552299999999988,0.21462999999999965
-7.2,-19.861658,-746.52734,35.915516,294.9478,-19.4,-746.496,36.0,295.23166,0.4616579999999999,0.031340000000000146,0.08448400000000333,0.2838600000000042
-7.1,-19.164177,-715.97656,35.246586,291.56128,-19.2,-715.822,35.5,291.72546,0.035823000000000604,0.15455999999994674,0.25341399999999936,0.16417999999998756
-7.0,-18.745348,-686.4398,35.31472,287.97073,-19.0,-686.0,35.0,288.2461,0.2546520000000001,0.4397999999999911,0.3147200000000012,0.27537000000000944
-6.9,-18.519957,-657.1047,34.205383,284.56793,-18.8,-657.018,34.5,284.79428,0.28004299999999915,0.0866999999999507,0.29461700000000235,0.22635000000002492
-6.8,-18.428278,-628.507,34.136917,281.56018,-18.6,-628.864,34.0,281.3706,0.1717220000000026,0.3570000000000846,0.13691699999999685,0.1895799999999781
-6.7,-18.283491,-601.99036,33.466427,277.79922,-18.4,-601.526,33.5,277.97562,0.11650899999999709,0.46436000000005606,0.033572999999996966,0.176400000000001
-6.6,-17.808064,-574.5598,32.562786,274.38644,-18.2,-574.992,33.0,274.60977,0.3919359999999976,0.43219999999996617,0.4372139999999973,0.22333000000003267
-6.5,-17.668598,-549.1299,32.161034,271.48666,-18.0,-549.25,32.5,271.2734,0.33140200000000064,0.12009999999997945,0.3389659999999992,0.21325999999999112
-6.4,-17.332897,-524.6146,32.0861,267.66428,-17.8,-524.288,32.0,267.96683,0.4671030000000016,0.3265999999999849,0.08610000000000184,0.30254999999999654
-6.3,-17.587029,-500.01044,31.023125,264.91492,-17.6,-500.094,31.5,264.69016,0.012971000000000288,0.08355999999997721,0.4768749999999997,0.2247600000000034
-6.2,-17.133448,-476.29895,30.955866,261.81393,-17.4,-476.656,31.0,261.44345,0.26655199999999724,0.3570500000000152,0.044133999999999673,0.3704800000000432
-6.1,-17.111599,-454.24484,30.685806,258.70935,-17.2,-453.962,30.5,258.22675,0.08840100000000106,0.2828400000000215,0.18580599999999947,0.4825999999999908
-6.0,-16.632729,-432.37982,30.254631,255.36746,-17.0,-432.0,30.0,255.03983,0.3672709999999988,0.37981999999999516,0.25463099999999983,0.3276299999999992
-5.9,-16.35276,-410.41965,29.53175,251.7448,-16.8,-410.758,29.5,251.88252,0.44724000000000075,0.33834999999999127,0.031749999999998835,0.13772000000000162
-5.8,-16.27668,-390.27924,28.858963,248.9464,-16.6,-390.224,29.0,248.75449,0.3233200000000025,0.05524000000002616,0.14103700000000075,0.19191000000000713
-5.7,-16.608498,-370.76096,28.35223,245.3014,-16.4,-370.386,28.5,245.65529,0.2084980000000023,0.3749599999999873,0.1477700000000013,0.3538900000000069
-5.6,-16.58828,-351.0543,28.44613,242.4654,-16.2,-351.232,28.0,242.58443,0.38828000000000173,0.17770000000001573,0.44613000000000014,0.1190300000000093
-5.5,-16.28027,-332.4832,27.884605,239.36969,-16.0,-332.75,27.5,239.54134,0.2802700000000016,0.26679999999998927,0.38460500000000053,0.17164999999999964
-5.4,-15.737358,-314.451,27.314518,236.75578,-15.8,-314.928,27.0,236.52531,0.06264200000000031,0.47699999999997544,0.31451799999999963,0.23046999999999684
-5.3,-15.898668,-297.86957,26.213373,233.25972,-15.6,-297.754,26.5,233.53563,0.29866800000000104,0.11556999999999107,0.2866269999999993,0.2759100000000103
-5.2,-15.86095,-280.97955,25.789522,230.21254,-15.4,-281.216,26.0,230.57149,0.4609500000000004,0.23644999999999072,0.2104779999999984,0.3589500000000214
-5.1,-15.007691,-265.17535,25.18831,227.73811,-15.2,-265.302,25.5,227.63202,0.19230899999999984,0.12665000000004056,0.3116899999999987,0.10608999999999469
-5.0,-15.12756,-250.05403,24.552788,224.68227,-15.0,-250.0,25.0,224.71634,0.12756000000000078,0.05403000000001157,0.4472120000000004,0.034070000000014034
-4.9,-15.227466,-235.74138,24.14946,221.48009,-14.8,-235.298,24.5,221.82349,0.427465999999999,0.44337999999999056,0.35053999999999874,0.3434000000000026
-4.8,-14.721899,-221.40178,23.51951,219.1643,-14.6,-221.184,24.0,218.9525,0.12189900000000087,0.21778000000000475,0.48048999999999964,0.21180000000001087
-4.7,-14.155615,-207.51126,23.3152,216.14648,-14.4,-207.646,23.5,216.10239,0.24438500000000118,0.13473999999999364,0.1847999999999992,0.044089999999982865
-4.6,-14.646346,-194.87524,23.096115,213.72603,-14.2,-194.672,23.0,213.27216,0.44634600000000013,0.20323999999999387,0.09611500000000106,0.4538699999999949
-4.5,-14.28783,-182.07802,22.315088,210.5222,-14.0,-182.25,22.5,210.4608,0.2878299999999996,0.1719799999999907,0.18491200000000063,0.061399999999991905
-4.4,-14.112999,-169.98657,21.924675,207.52342,-13.8,-170.368,22.0,207.66733,0.3129989999999996,0.3814299999999946,0.07532499999999942,0.1439100000000053
-4.3,-13.347662,-158.73898,21.929445,204.64954,-13.6,-159.014,21.5,204.8908,0.25233799999999995,0.27502000000001203,0.4294450000000012,0.24126000000001113
-4.2,-13.297342,-148.4044,21.254705,202.03592,-13.4,-148.176,21.0,202.13026,0.10265799999999992,0.22840000000002192,0.2547050000000013,0.09433999999998832
-4.1,-13.164119,-137.4187,20.232267,198.8871,-13.2,-137.842,20.5,199.38483,0.03588099999999983,0.4233000000000118,0.2677329999999998,0.49772999999999
-4.0,-12.981314,-128.0457,19.562326,196.7542,-13.0,-128.0,20.0,196.65364,0.018686000000000647,0.04570000000001073,0.43767400000000123,0.10056000000000154
-3.9,-12.675683,-118.27168,19.7422,193.98283,-12.8,-118.638,19.5,193.93593,0.12431700000000134,0.36632000000000176,0.24220000000000041,0.046899999999993724
-3.8,-12.192795,-110.14063,18.625784,191.19397,-12.6,-109.744,19.0,191.23097,0.4072049999999994,0.3966300000000018,0.37421600000000055,0.03700000000000614
-3.7,-12.550931,-101.09655,18.989902,188.13258,-12.4,-101.306,18.5,188.5381,0.15093099999999993,0.2094500000000039,0.4899020000000007,0.40551999999999566
-3.6,-12.457998,-93.368004,17.6399,185.38982,-12.2,-93.312,18.0,185.85677,0.2579980000000006,0.0560040000000015,0.3600999999999992,0.4669500000000255
-3.5,-12.359129,-86.148186,17.509214,182.70741,-12.0,-85.75,17.5,183.18646,0.35912899999999937,0.3981859999999955,0.009214000000000055,0.47905000000000086
-3.4,-12.184886,-78.296814,17.305346,180.06299,-11.8,-78.608,17.0,180.5268,0.38488599999999984,0.3111860000000064,0.3053460000000001,0.46380999999999517
-3.3,-11.351111,-71.7599,16.831747,178.35887,-11.6,-71.874,16.5,177.87749,0.24888900000000014,0.11409999999999343,0.331747,0.4813800000000015
-3.2,-11.182367,-65.57432,16.064396,174.9699,-11.4,-65.536,16.0,175.2383,0.21763300000000108,0.0383199999999988,0.06439599999999857,0.26840000000001396
-3.1,-10.884745,-59.903828,15.326105,172.29813,-11.2,-59.582,15.5,172.60913,0.31525499999999873,0.32182799999999645,0.1738949999999999,0.31100000000000705
-3.0,-11.132773,-54.498898,15.181301,170.17853,-11.0,-54.0,15.0,169.98999,0.13277300000000025,0.49889799999999696,0.1813009999999995,0.18853999999998905
-2.9,-11.094109,-48.545578,14.938964,167.8512,-10.8,-48.778,14.5,167.38095,0.29410899999999884,0.23242199999999968,0.43896400000000035,0.47024999999999295
-2.8,-10.706893,-43.959026,14.113911,164.98068,-10.6,-43.904,14.0,164.78223,0.10689300000000124,0.05502599999999802,0.11391099999999987,0.19845000000000823
-2.7,-10.310346,-39.237312,13.730729,161.71675,-10.4,-39.366,13.5,162.19408,0.08965400000000123,0.1286879999999968,0.23072900000000018,0.47733000000002335
-2.6,-10.487161,-34.966625,12.908285,159.30449,-10.2,-35.152,13.0,159.61688,0.2871610000000011,0.1853750000000005,0.09171500000000066,0.31239000000002193
-2.5,-10.179159,-30.918287,12.951821,156.77803,-10.0,-31.25,12.5,157.05115,0.1791590000000003,0.3317130000000006,0.4518210000000007,0.2731200000000058
-2.4,-10.293268,-27.21212,11.641983,154.76001,-9.8,-27.648,12.0,154.49739,0.4932679999999987,0.43588000000000093,0.35801700000000025,0.2626199999999983
-2.3,-9.322355,-24.15594,11.695067,152.2337,-9.6,-24.334,11.5,151.95628,0.2776449999999997,0.17805999999999855,0.19506699999999988,0.27742000000000644
-2.2,-9.338931,-21.444782,10.760074,149.2638,-9.4,-21.296,11.0,149.4285,0.06106899999999982,0.14878200000000064,0.23992600000000053,0.1647000000000105
-2.1,-9.351798,-18.731234,10.977718,146.56465,-9.2,-18.522,10.5,146.91484,0.1517980000000012,0.20923400000000214,0.4777179999999994,0.3501899999999978
-2.0,-8.642757,-16.440636,9.766602,144.69261,-9.0,-16.0,10.0,144.41615,0.3572430000000004,0.44063600000000136,0.23339799999999933,0.27646000000001436
-1.9,-8.7870865,-13.23044,9.786685,142.39015,-8.8,-13.718,9.5,141.93329,0.012913500000001576,0.4875600000000002,0.2866850000000003,0.45686000000000604
-1.8,-8.6536875,-12.035927,8.723444,139.39069,-8.6,-11.664,9.0,139.46721,0.053687500000000554,0.37192699999999945,0.27655599999999936,0.07651999999998793
-1.7,-8.845174,-9.53772,8.922908,137.40887,-8.4,-9.826,8.5,137.01884,0.44517399999999974,0.2882800000000003,0.4229079999999996,0.3900299999999959
-1.6,-8.024246,-8.246859,7.775065,134.93274,-8.2,-8.192,8.0,134.5892,0.17575399999999952,0.054859000000000435,0.22493500000000033,0.3435399999999902
-1.5,-7.6622705,-6.4678082,7.762756,132.09932,-8.0,-6.75,7.5,132.17926,0.3377295,0.28219179999999966,0.26275600000000043,0.07993999999999346
-1.4,-7.451262,-5.473793,6.917714,129.6215,-7.8,-5.488,7.0,129.79004,0.348738,0.014207000000000747,0.08228599999999986,0.16854000000000724
-1.3,-8.073073,-4.3034263,6.599638,127.494446,-7.6,-4.394,6.5,127.4225,0.4730730000000012,0.0905737000000002,0.09963799999999967,0.07194599999999696
-1.2,-7.624807,-3.116682,5.922185,124.88389,-7.4,-3.456,6.0,125.077644,0.2248069999999993,0.339318,0.07781500000000019,0.19375400000001264
-1.1,-6.8627706,-2.7443602,5.405366,122.26654,-7.2,-2.662,5.5,122.7564,0.3372294,0.0823602000000001,0.0946340000000001,0.4898599999999931
-1.0,-6.6626935,-1.8646985,5.3396773,119.959915,-7.0,-2.0,5.0,120.459694,0.3373065000000004,0.13530149999999996,0.33967729999999996,0.49977900000000375
-0.9,-6.790425,-1.1103085,4.7034745,118.3658,-6.8,-1.458,4.5,118.18839,0.00957499999999989,0.34769150000000004,0.20347449999999956,0.17740999999999474
-0.8,-6.4544077,-0.96097934,3.6320505,116.19847,-6.6,-1.024,4.0,115.94329,0.14559229999999967,0.06302066000000006,0.36794949999999993,0.25517999999999574
-0.7,-6.8813953,-0.91693103,3.8590372,114.07122,-6.4,-0.686,3.5,113.72516,0.48139529999999997,0.23093102999999993,0.35903719999999995,0.34605999999999426
-0.6,-5.8156366,-0.3730414,2.6553535,111.85515,-6.2,-0.432,3.0,111.53467,0.3843633999999998,0.05895859999999997,0.3446465000000001,0.3204799999999892
-0.5,-5.5358205,0.037469175,2.7583456,109.4502,-6.0,-0.25,2.5,109.37241,0.4641795000000002,0.287469175,0.2583456000000002,0.07778999999999314
-0.4,-5.660374,-0.40952796,2.153987,106.83505,-5.8,-0.128,2.0,107.23894,0.1396259999999998,0.28152796,0.15398699999999987,0.4038900000000041
-0.3,-5.976617,-0.18005289,1.7940962,105.18857,-5.6,-0.054,1.5,105.13467,0.3766170000000004,0.12605289,0.29409620000000003,0.05389999999999873
-0.2,-5.3598294,0.3414899,1.4268377,103.23432,-5.4,-0.016,1.0,103.05994,0.04017060000000061,0.3574899,0.4268377000000001,0.1743799999999993
-0.1,-5.0876603,0.31490213,0.47525218,101.10627,-5.2,-0.002,0.5,101.015,0.1123397000000006,0.31690213,0.024747819999999976,0.09126999999999441
2.842171e-13,-5.395151,-0.36569896,-0.30759788,99.451324,-5.0,4.5917748000000004e-38,1.4210855e-12,99.0,0.39515100000000025,0.36569896,0.3075978800014211,0.4513239999999996
0.1,-5.0035744,0.23298572,0.044192348,96.77262,-4.8,0.002,0.5,97.015,0.20357439999999993,0.23098572,0.455807652,0.24237999999999715
0.2,-4.5314617,0.008048699,0.695064,95.33676,-4.6,0.016,1.0,95.05994,0.06853829999999927,0.007951301000000001,0.304936,0.27682000000000073
0.3,-4.799989,-0.26855776,1.4535967,93.550896,-4.4,0.054,1.5,93.13467,0.3999889999999997,0.32255775999999997,0.046403299999999925,0.41622599999999466
0.4,-4.130924,-0.057782587,1.6458466,91.62058,-4.2,0.128,2.0,91.23894,0.06907599999999992,0.185782587,0.35415339999999995,0.3816400000000044
0.5,-3.855581,0.46880114,2.2125382,89.561775,-4.0,0.25,2.5,89.37241,0.14441900000000008,0.21880114,0.2874618,0.18936499999999512
0.6,-4.253161,0.57635,3.0363755,87.64919,-3.8,0.432,3.0,87.53467,0.4531610000000006,0.14435000000000003,0.036375500000000116,0.11451999999999884
0.7,-3.8017764,0.7784867,3.393124,86.11241,-3.6,0.686,3.5,85.72516,0.20177639999999997,0.09248669999999992,0.1068760000000002,0.38724999999999454
0.8,-3.6237519,0.924296,3.967675,83.90473,-3.4,1.024,4.0,83.94329,0.2237518999999999,0.09970400000000001,0.03232500000000016,0.038560000000003924
0.9,-3.1150203,1.8347155,4.2844553,81.69504,-3.2,1.458,4.5,82.18839,0.08497970000000032,0.3767155,0.2155446999999997,0.4933499999999924
1.0,-3.3270984,2.2275715,5.3001056,80.869064,-3.0,2.0,5.0,80.459694,0.3270984000000001,0.22757149999999982,0.3001056000000002,0.40936999999999557
1.1,-3.2414699,2.9358952,5.1446733,78.98122,-2.8,2.662,5.5,78.7564,0.44146989999999997,0.2738952000000001,0.3553267,0.22481999999999402
1.2,-2.8857257,3.6926925,5.5963025,77.291245,-2.6,3.456,6.0,77.077644,0.28572569999999997,0.2366925000000002,0.4036974999999998,0.21360099999999704
1.3,-2.6049383,4.146453,6.657604,74.93844,-2.4,4.394,6.5,75.4225,0.20493830000000024,0.24754699999999996,0.15760400000000008,0.4840599999999995
1.4,-2.5625372,5.2969403,7.0161843,74.11666,-2.2,5.488,7.0,73.79003,0.3625371999999998,0.19105970000000028,0.01618429999999993,0.3266299999999944
1.5,-1.6917788,6.270676,7.0683856,72.47835,-2.0,6.75,7.5,72.17926,0.3082212,0.4793240000000001,0.43161439999999995,0.29909000000000674
1.6,-1.4653761,7.901032,8.464811,71.05614,-1.8,8.192,8.0,70.5892,0.3346239,0.29096800000000034,0.4648109999999992,0.4669399999999939
1.7,-1.9975591,9.986517,8.163912,68.79605,-1.6,9.826,8.5,69.018845,0.39755909999999983,0.1605169999999987,0.33608800000000016,0.22279500000000496
1.8,-1.2800585,11.652556,9.056147,67.7839,-1.4,11.664,9.0,67.4672,0.11994149999999992,0.011443999999999122,0.05614699999999928,0.3166999999999973
1.9,-0.91203475,13.469578,9.720741,65.836205,-1.2,13.718,9.5,65.93329,0.28796524999999995,0.2484219999999997,0.2207410000000003,0.09708499999999276
2.0,-1.2120949,15.697641,10.476602,64.29998,-1.0,16.0,10.0,64.416145,0.2120949000000001,0.30235899999999916,0.47660199999999975,0.11616499999999519
2.1,-1.1034707,18.595478,10.80886,62.850765,-0.8,18.522,10.5,62.914845,0.30347069999999987,0.07347800000000149,0.30885999999999925,0.06407999999999703
2.2,-0.8140547,21.77481,11.381393,61.783012,-0.6,21.296,11.0,61.4285,0.21405470000000004,0.4788099999999993,0.3813929999999992,0.3545119999999997
2.3,-0.33190203,24.23826,11.946233,60.0893,-0.4,24.334,11.5,59.956276,0.06809797000000001,0.09573999999999927,0.44623299999999944,0.13302399999999892
2.4,0.09188771,27.971361,12.018673,58.252556,-0.2,27.648,12.0,58.497395,0.29188771,0.323361000000002,0.018672999999999718,0.24483899999999892
2.5,-0.16814248,31.696903,12.648813,57.43387,6.3948846e-13,31.25,12.5,57.051144,0.1681424800006395,0.44690299999999894,0.14881300000000053,0.3827259999999981
2.6,0.034154933,35.344273,13.430304,55.49318,0.2,35.152,13.0,55.61689,0.165845067,0.19227300000000014,0.4303039999999996,0.12370999999999555
2.7,0.11438007,39.603973,13.349541,53.799175,0.4,39.366,13.5,54.194073,0.28561993,0.23797300000000376,0.15045899999999968,0.39489800000000486
2.8,0.3421652,43.96778,13.952687,53.044525,0.6,43.904,14.0,52.782223,0.2578348,0.06377999999999417,0.04731300000000083,0.26230199999999826
2.9,0.5486801,48.621254,14.033558,51.5061,0.8,48.778,14.5,51.38096,0.25131990000000004,0.15674599999999828,0.4664420000000007,0.1251400000000018
3.0,0.77308625,53.568745,14.958849,49.627136,1.0,54.0,15.0,49.989994,0.22691375000000003,0.43125500000000017,0.04115099999999927,0.3628580000000028
3.1,1.5301938,59.76511,15.06092,48.97242,1.2,59.582,15.5,48.609135,0.3301938,0.18310999999999922,0.4390800000000006,0.36328499999999764
3.2,1.7722063,65.86679,15.695335,46.765446,1.4,65.536,16.0,47.238297,0.3722063,0.33078999999999326,0.30466499999999996,0.4728510000000057
3.3,1.5790944,71.71022,16.45906,45.470486,1.6,71.874,16.5,45.87748,0.02090560000000008,0.1637799999999885,0.04093999999999909,0.4069939999999974
3.4,2.0347533,78.81827,16.519588,44.546036,1.8,78.608,17.0,44.5268,0.23475330000000016,0.21026999999999418,0.48041200000000117,0.019235999999999365
3.5,2.1669905,85.403915,17.974937,43.00807,2.0,85.75,17.5,43.18646,0.16699049999999982,0.3460850000000022,0.4749370000000006,0.17839000000000027
3.6,2.6904821,92.84224,17.502026,42.340942,2.2,93.312,18.0,41.85676,0.4904820999999999,0.46975999999999374,0.49797399999999925,0.484181999999997
3.7,2.3906581,100.86964,18.11371,40.2084,2.4,101.306,18.5,40.5381,0.009341899999999903,0.4363599999999934,0.3862899999999989,0.32970000000000255
3.8,2.100779,109.36287,19.403967,39.209606,2.6,109.744,19.0,39.23097,0.4992209999999999,0.38112999999999886,0.4039670000000015,0.021363999999998384
3.9,2.8729568,118.35969,19.94529,37.60588,2.8,118.638,19.5,37.935932,0.07295680000000004,0.2783100000000047,0.44528999999999996,0.330052000000002
4.0,3.418015,128.42453,19.730625,36.978916,3.0,128.0,20.0,36.653645,0.418015,0.4245300000000043,0.26937500000000014,0.32527100000000075
4.1,2.8482835,138.12503,20.910408,35.82829,3.2,137.842,20.5,35.384823,0.3517165000000002,0.28302999999999656,0.41040800000000033,0.4434670000000054
4.2,2.9537008,147.72116,21.238039,34.552235,3.4,148.176,21.0,34.13026,0.4462991999999999,0.45483999999999014,0.23803900000000056,0.4219750000000033
4.3,3.6419778,159.08833,21.165085,33.220013,3.6,159.014,21.5,32.8908,0.04197779999999973,0.07433000000000334,0.33491499999999874,0.32921300000000286
4.4,4.265741,169.94182,21.782143,31.725233,3.8,170.368,22.0,31.667334,0.4657410000000004,0.426179999999988,0.21785699999999864,0.057898999999999035
4.5,4.008899,182.58247,22.069466,30.304895,4.0,182.25,22.5,30.460796,0.008899000000000434,0.3324700000000007,0.4305340000000015,0.15590100000000007
4.6,3.7222936,194.8732,22.68778,29.742687,4.2,194.672,23.0,29.272152,0.4777064000000002,0.20120000000000005,0.31221999999999994,0.4705350000000017
4.7,4.274098,208.11002,23.267647,28.264437,4.4,207.646,23.5,28.102388,0.12590199999999996,0.464020000000005,0.2323529999999998,0.16204899999999967
4.8,5.0618944,221.6016,23.504873,27.154749,4.6,221.184,24.0,26.952501,0.46189440000000026,0.4175999999999931,0.4951270000000001,0.20224799999999732
4.9,4.752725,235.05336,24.42293,25.773775,4.8,235.298,24.5,25.823488,0.047274999999999956,0.24464000000000397,0.07706999999999908,0.04971300000000056
5.0,4.905665,250.3336,25.224699,24.794209,5.0,250.0,25.0,24.716337,0.09433500000000006,0.3335999999999899,0.2246990000000011,0.07787199999999928
5.1,4.8713007,265.00754,25.655087,23.963673,5.2,265.302,25.5,23.632023,0.32869930000000025,0.29446000000001504,0.15508700000000175,0.3316499999999998
5.2,5.7165895,281.01184,26.23071,22.072887,5.4,281.216,26.0,22.571484,0.3165895000000001,0.20416000000000167,0.23070999999999842,0.4985970000000002
5.3,5.103345,297.45468,26.09131,21.961351,5.6,297.754,26.5,21.535625,0.4966549999999996,0.2993200000000229,0.40869,0.42572600000000094
5.4,5.736775,315.0401,27.20083,21.001308,5.8,314.928,27.0,20.525307,0.06322500000000009,0.11209999999999809,0.20082999999999984,0.4760010000000001
5.5,6.377877,333.00378,27.05729,19.52057,6.0,332.75,27.5,19.54133,0.3778769999999998,0.2537800000000061,0.4427100000000017,0.020759999999999224
5.6,6.5307937,351.46548,27.833447,18.87061,6.2,351.232,28.0,18.584435,0.3307937000000001,0.23347999999998592,0.1665530000000004,0.28617500000000007
5.7,6.0772567,370.1732,28.593563,17.724815,6.4,370.386,28.5,17.655287,0.32274329999999996,0.21280000000001564,0.09356299999999962,0.06952799999999826
5.8,6.339171,389.7792,28.52428,16.787708,6.6,390.224,29.0,16.75448,0.2608289999999993,0.44479999999998654,0.47571999999999903,0.03322799999999759
5.9,6.8272033,411.07748,29.403913,16.056564,6.8,410.758,29.5,15.882522,0.02720330000000004,0.31947999999999865,0.0960870000000007,0.1740420000000018
6.0,6.673313,431.69946,30.380116,15.210613,7.0,432.0,30.0,15.039829,0.3266869999999997,0.30054000000001224,0.380116000000001,0.17078400000000116
6.1,6.755299,454.10114,30.600937,14.201845,7.2,453.962,30.5,14.226731,0.44470100000000023,0.1391399999999976,0.10093699999999828,0.02488599999999863
6.2,7.423082,477.02863,31.454123,13.336014,7.4,476.656,31.0,13.443458,0.023081999999999603,0.3726300000000151,0.45412299999999917,0.1074439999999992
6.3,8.067202,499.68115,31.2491,12.784313,7.6,500.094,31.5,12.690142,0.46720200000000034,0.4128499999999917,0.25090000000000146,0.09417099999999934
6.4,7.80123,523.9182,31.750387,11.772338,7.8,524.288,32.0,11.966815,0.0012300000000005085,0.36980000000005475,0.24961300000000008,0.1944770000000009
6.5,7.658832,549.0036,32.676838,10.955556,8.0,549.25,32.5,11.273413,0.3411679999999997,0.24639999999999418,0.1768379999999965,0.31785700000000006
6.6,8.568339,574.4985,32.51542,10.445071,8.2,574.992,33.0,10.609767,0.36833900000000064,0.49349999999992633,0.4845800000000011,0.1646959999999993
6.7,8.771383,601.7586,33.401024,10.068517,8.4,601.526,33.5,9.975616,0.3713829999999998,0.23260000000004766,0.0989760000000004,0.09290099999999946
6.8,8.470425,628.7006,34.35043,9.222325,8.6,628.864,34.0,9.370603,0.1295749999999991,0.1634000000000242,0.3504300000000029,0.14827799999999947
6.9,8.527624,657.28845,34.932636,9.228201,8.8,657.018,34.5,8.794275,0.2723760000000013,0.27044999999998254,0.43263600000000224,0.4339259999999996
7.0,9.044036,686.3899,34.754677,8.187652,9.0,686.0,35.0,8.246098,0.044036000000000186,0.38990000000001146,0.24532299999999907,0.058446
7.1,8.830833,715.56,35.297585,7.8752565,9.2,715.822,35.5,7.7254534,0.36916699999999913,0.2620000000000573,0.202415000000002,0.14980309999999974
7.2,9.431941,746.8428,36.422268,7.030091,9.4,746.496,36.0,7.231649,0.031940999999999775,0.3468000000000302,0.42226800000000253,0.20155800000000035
7.3,9.448816,777.70197,36.671474,6.798119,9.6,778.034,36.5,6.7639227,0.15118399999999887,0.3320300000000316,0.17147400000000346,0.034196299999999624
7.4,9.402386,810.0036,36.6268,5.927882,9.8,810.448,37.0,6.3214526,0.3976140000000008,0.44439999999997326,0.3731999999999971,0.39357059999999944
7.5,9.856429,843.9888,37.264534,6.2560086,10.0,843.75,37.5,5.9033647,0.14357099999999967,0.23879999999996926,0.2354660000000024,0.35264390000000034
7.6,10.406261,878.0819,37.943096,5.7789245,10.2,877.952,38.0,5.50874,0.20626100000000136,0.12990000000002055,0.05690400000000295,0.27018449999999916
7.7,10.483953,912.82623,38.012424,4.819468,10.4,913.066,38.5,5.1366262,0.08395299999999928,0.23977000000002135,0.4875759999999971,0.3171582000000006
7.8,10.903358,949.1458,38.60413,4.7285256,10.6,949.104,39.0,4.7860446,0.3033580000000011,0.04179999999996653,0.39587000000000216,0.0575190000000001
7.9,10.323647,986.30237,39.930634,4.20937,10.8,986.078,39.5,4.456002,0.47635300000000136,0.22437000000002172,0.43063399999999774,0.24663199999999996
8.0,11.236141,1024.2325,40.358112,4.119519,11.0,1024.0,40.0,4.1455,0.23614099999999993,0.23250000000007276,0.35811199999999843,0.02598099999999981
8.1,10.920326,1062.6277,40.66814,3.3694506,11.2,1062.882,40.5,3.8535442,0.279674,0.2543000000000575,0.16814000000000107,0.4840936
8.2,11.796623,1103.0417,40.860924,3.7972562,11.4,1102.736,41.0,3.579155,0.39662299999999995,0.30569999999988795,0.13907600000000286,0.2181012
8.3,11.598334,1143.8048,41.220318,3.4973335,11.6,1143.574,41.5,3.3213768,0.0016660000000001673,0.23079999999981737,0.2796820000000011,0.17595669999999997
8.4,12.0387945,1185.5217,41.951843,2.5839827,11.8,1185.408,42.0,3.0792887,0.23879449999999913,0.11370000000010805,0.048157000000003336,0.49530600000000025
8.5,11.842022,1228.3228,42.152855,2.390747,12.0,1228.25,42.5,2.852012,0.15797799999999995,0.0727999999999156,0.3471449999999976,0.46126500000000004
8.6,12.522043,1272.0402,42.544807,2.2551057,12.2,1272.112,43.0,2.63872,0.32204300000000075,0.07180000000016662,0.4551930000000013,0.3836143000000001
8.7,12.855869,1316.7098,43.987335,2.6373868,12.4,1317.006,43.5,2.4386466,0.45586899999999986,0.2961999999999989,0.48733500000000163,0.1987401999999996
8.8,13.009679,1363.3068,43.661743,1.8718067,12.6,1362.944,44.0,2.251093,0.40967900000000057,0.3628000000001066,0.3382569999999987,0.37928629999999997
8.9,13.061979,1410.1509,44.658703,1.610579,12.8,1409.938,44.5,2.0754352,0.2619789999999984,0.21289999999999054,0.1587030000000027,0.46485619999999983
9.0,12.668264,1457.5944,44.908535,1.749655,13.0,1458.0,45.0,1.9111303,0.33173599999999936,0.4056000000000495,0.09146499999999946,0.1614753
9.1,13.317889,1506.796,45.001057,2.166051,13.2,1507.142,45.5,1.7577215,0.11788899999999991,0.34600000000000364,0.49894299999999703,0.4083295
9.2,13.345668,1557.746,45.805813,1.6625733,13.4,1557.376,46.0,1.6148436,0.05433200000000049,0.37000000000011823,0.19418699999999944,0.0477297000000001
9.3,13.506583,1608.8472,46.671005,1.8769232,13.6,1608.714,46.5,1.4822253,0.09341700000000053,0.133199999999988,0.17100500000000096,0.39469789999999993
9.4,13.535542,1660.9835,47.366234,1.0995753,13.8,1661.168,47.0,1.359693,0.2644580000000012,0.18449999999984357,0.3662339999999986,0.2601177000000001
9.5,13.862246,1714.5338,47.56391,0.8855721,14.0,1714.75,47.5,1.2471721,0.13775399999999927,0.21620000000007167,0.06390999999999991,0.36160000000000003
9.6,13.964414,1769.4869,48.30456,0.71895754,14.2,1769.472,48.0,1.1446879,0.23558599999999963,0.014900000000125146,0.30456000000000216,0.4257303600000001
9.7,14.237361,1825.1898,48.365276,0.80129576,14.4,1825.346,48.5,1.0523648,0.16263900000000042,0.15619999999989886,0.1347239999999985,0.2510690400000001
9.8,14.368036,1882.883,49.27811,0.6776254,14.6,1882.384,49.0,0.97042626,0.23196399999999961,0.49900000000002365,0.2781099999999981,0.29280085999999994
9.9,15.271646,1940.1332,49.246155,0.6593184,14.8,1940.598,49.5,0.89919114,0.4716459999999998,0.46479999999996835,0.2538449999999983,0.23987274000000003
10.0,15.245541,1999.9031,50.235046,0.9532806,15.0,2000.0,50.0,0.8390715,0.24554099999999934,0.0969000000000051,0.23504599999999698,0.11420910000000006
10.1,15.193747,2060.8538,50.790752,1.2285326,15.2,2060.602,50.5,0.7905682,0.006252999999999176,0.2518000000000029,0.2907519999999977,0.43796440000000003
10.2,15.326085,2122.732,50.98844,0.2837537,15.4,2122.416,51.0,0.75426567,0.07391499999999951,0.31599999999980355,0.011560000000002901,0.47051197
10.3,15.681278,2185.603,51.413197,0.6681263,15.6,2185.454,51.5,0.73082644,0.08127800000000107,0.14899999999988722,0.0868030000000033,0.06270014000000002
10.4,16.055222,2249.835,51.77788,1.2150499,15.8,2249.728,52.0,0.7209843,0.25522199999999984,0.1069999999999709,0.22211999999999676,0.4940655999999999
10.5,15.516224,2315.5847,52.517487,0.60221493,16.0,2315.25,52.5,0.72553694,0.48377600000000065,0.3346999999998843,0.017487000000002695,0.12332200999999998
10.6,15.9585705,2382.3892,53.25238,0.6214623,16.2,2382.032,53.0,0.7453382,0.24142949999999885,0.3571999999999207,0.25238000000000227,0.12387589999999993
10.7,16.856203,2450.374,53.41953,0.72492594,16.4,2450.086,53.5,0.7812893,0.45620300000000213,0.2880000000000109,0.08046999999999827,0.056363359999999973
10.8,16.630577,2519.2944,54.252342,0.60344225,16.6,2519.424,54.0,0.8343299,0.030576999999997412,0.1295999999997548,0.25234199999999873,0.23088765
10.9,16.631283,2589.6921,54.276386,0.4716834,16.8,2590.058,54.5,0.9054288,0.1687170000000009,0.3658999999997832,0.22361399999999776,0.43374540000000006
11.0,16.940863,2662.1104,54.68714,0.5516239,17.0,2662.0,55.0,0.9955743,0.05913699999999977,0.11040000000002692,0.3128600000000006,0.4439504000000001
11.1,17.357515,2735.2817,55.57471,1.535253,17.2,2735.262,55.5,1.105764,0.15751500000000007,0.019699999999829743,0.07471000000000316,0.429489
11.2,17.113403,2809.6313,56.443607,1.7269373,17.4,2809.856,56.0,1.2369951,0.2865969999999969,0.22470000000021173,0.4436070000000001,0.4899422
11.3,17.639929,2885.613,56.123325,1.27288,17.6,2885.794,56.5,1.3902546,0.03992899999999722,0.18100000000004002,0.37667499999999876,0.1173746
11.4,18.28821,2962.6758,56.594975,1.4601041,17.8,2963.088,57.0,1.5665091,0.4882099999999987,0.41220000000021173,0.40502500000000197,0.10640500000000008
11.5,17.838253,3041.5444,57.94431,2.1505957,18.0,3041.75,57.5,1.7666953,0.1617469999999983,0.20559999999977663,0.44431000000000154,0.38390040000000014
11.6,17.915905,3121.807,57.864426,2.4530191,18.2,3121.792,58.0,1.9917104,0.28409500000000065,0.01499999999987267,0.1355739999999983,0.4613087
11.7,18.884508,3203.6877,58.487362,2.4473364,18.4,3203.226,58.5,2.2424037,0.4845080000000017,0.461699999999837,0.012638000000002592,0.20493270000000008
11.8,18.396336,3285.5837,59.009537,2.8112354,18.6,3286.064,59.0,2.5195675,0.20366399999999985,0.4802999999997155,0.009537000000001683,0.2916679000000002
11.9,18.624561,3369.9924,59.503086,2.4392986,18.8,3370.318,59.5,2.8239298,0.1754390000000008,0.32560000000012224,0.003086000000003253,0.3846312000000003
12.0,19.027494,3456.2346,60.412907,3.431336,19.0,3456.0,60.0,3.156146,0.027494000000000796,0.234599999999773,0.412906999999997,0.2751899999999998
12.1,19.39343,3543.3584,60.566902,3.5065122,19.2,3543.122,60.5,3.516794,0.19342999999999932,0.23640000000023065,0.0669019999999989,0.010281800000000008
12.2,19.568026,3631.3481,61.05232,3.6626382,19.4,3631.696,61.0,3.9063663,0.16802600000000112,0.3478999999997541,0.0523200000000017,0.24372810000000023
12.3,19.230003,3721.4985,61.940945,4.7884665,19.6,3721.734,61.5,4.3252673,0.36999700000000146,0.23549999999977445,0.44094499999999925,0.46319920000000003
12.4,20.15367,3813.3696,62.485855,4.9654484,19.8,3813.248,62.0,4.7738075,0.35367000000000104,0.12159999999994398,0.4858550000000008,0.19164089999999945
12.5,20.25169,3905.9768,62.97045,5.1394124,20.0,3906.25,62.5,5.2522016,0.25168999999999997,0.27320000000008804,0.4704499999999996,0.11278919999999992
12.6,19.717548,4000.7922,62.5022,5.4382243,20.2,4000.752,63.0,5.7605653,0.48245199999999855,0.040199999999913416,0.497799999999998,0.32234099999999977
12.7,20.673906,4096.5547,63.87355,5.9373064,20.4,4096.766,63.5,6.298915,0.2739060000000002,0.21129999999993743,0.3735500000000016,0.3616086000000003
12.8,21.09865,4194.766,63.993107,6.806631,20.6,4194.304,64.0,6.8671675,0.4986499999999978,0.46199999999953434,0.00689299999999804,0.06053649999999955
12.9,20.5579,4292.91,64.42855,7.667781,20.8,4293.378,64.5,7.46514,0.24210000000000065,0.4679999999998472,0.07144999999999868,0.20264099999999985
13.0,20.598501,4393.5957,65.3833,8.324691,21.0,4394.0,65.0,8.092553,0.40149900000000116,0.40430000000014843,0.3833000000000055,0.23213799999999907
13.1,20.712814,4496.047,65.00611,8.68141,21.2,4496.182,65.5,8.749033,0.4871859999999977,0.13500000000021828,0.4938899999999933,0.0676230000000011
13.2,21.850136,4599.9927,65.80682,9.059501,21.4,4599.936,66.0,9.434116,0.45013600000000054,0.05670000000009168,0.19317999999999813,0.37461500000000036
13.3,21.546925,4705.719,66.07462,10.4398365,21.6,4705.274,66.5,10.147251,0.05307499999999976,0.44499999999970896,0.4253800000000041,0.2925854999999995
13.4,22.004425,4811.896,67.03218,11.291765,21.8,4812.208,67.0,10.887807,0.20442500000000052,0.31199999999989814,0.03217999999999677,0.4039579999999994
13.5,22.498127,4921.089,67.28333,11.440074,22.0,4920.75,67.5,11.655079,0.4981270000000002,0.3389999999999418,0.21666999999999348,0.21500500000000144
13.6,22.567713,5031.2188,68.048485,12.193721,22.2,5030.912,68.0,12.448296,0.36771300000000195,0.30679999999938445,0.048484999999999445,0.2545749999999991
13.7,21.934498,5143.2036,68.0316,12.987708,22.4,5142.706,68.5,13.266625,0.4655019999999972,0.49759999999969295,0.4684000000000026,0.27891699999999986
13.8,22.283297,5256.625,69.2234,14.4890375,22.6,5256.144,69.0,14.109185,0.3167030000000004,0.48099999999976717,0.22339999999999804,0.37985250000000015
13.9,22.754929,5371.4136,69.368256,14.515507,22.8,5371.238,69.5,14.97505,0.04507100000000008,0.17559999999957654,0.13174399999999764,0.45954300000000003
14.0,22.586683,5487.677,70.12506,16.345198,23.0,5488.0,70.0,15.863263,0.41331699999999927,0.32300000000032014,0.12506000000000483,0.481935
14.1,23.44767,5606.473,70.82975,16.979795,23.2,5606.442,70.5,16.772842,0.2476699999999994,0.03099999999994907,0.3297500000000042,0.2069529999999986
14.2,23.670996,5726.212,70.88342,17.738539,23.4,5726.576,71.0,17.702791,0.27099600000000024,0.363999999999578,0.11657999999999902,0.035747999999998115
14.3,23.925362,5848.667,71.3628,18.209484,23.6,5848.414,71.5,18.652115,0.3253619999999984,0.2530000000006112,0.1372000000000071,0.44263099999999866
14.4,23.807688,5971.5186,72.07946,19.49972,23.8,5971.968,72.0,19.619818,0.007687999999998141,0.44939999999951397,0.07945999999999742,0.1200979999999987
14.5,23.52467,6097.648,72.73531,20.328037,24.0,6097.25,72.5,20.604925,0.4753299999999996,0.39800000000013824,0.23530999999999835,0.27688800000000313
14.6,24.591185,6224.29,73.0586,21.331665,24.2,6224.272,73.0,21.606485,0.3911850000000001,0.018000000000029104,0.05859999999999843,0.2748199999999983
14.7,24.896029,6353.248,73.81486,23.094545,24.4,6353.046,73.5,22.623585,0.49602900000000005,0.20199999999931606,0.3148599999999959,0.4709600000000016
14.8,24.577204,6483.6387,74.22524,23.546997,24.6,6483.584,74.0,23.655352,0.022796000000003147,0.05470000000059372,0.22523999999999944,0.10835499999999954
14.9,24.722559,6615.523,74.009895,24.920847,24.8,6615.898,74.5,24.700972,0.07744100000000032,0.375,0.4901049999999998,0.21987499999999827
15.0,24.871653,6749.6826,75.430214,25.807438,25.0,6750.0,75.0,25.759687,0.12834700000000154,0.31739999999990687,0.43021400000000654,0.04775100000000165
15.1,24.905693,6886.1353,75.22872,26.659164,25.2,6885.902,75.5,26.830812,0.2943069999999999,0.23329999999987194,0.2712800000000044,0.17164800000000113
15.2,25.614841,7023.5864,76.1867,27.913784,25.4,7023.616,76.0,27.913736,0.21484099999999984,0.02959999999984575,0.18670000000000186,4.7999999999603915e-05
15.3,25.335499,7163.1313,76.49628,28.791384,25.6,7163.154,76.5,29.00793,0.26450100000000276,0.022700000000440923,0.003720000000001278,0.21654600000000102
15.4,26.281654,7304.923,76.74465,29.937378,25.8,7304.528,77.0,30.112953,0.4816539999999989,0.39499999999952706,0.25535000000000707,0.17557500000000203
15.5,26.333672,7447.8027,77.82526,30.751514,26.0,7447.75,77.5,31.228453,0.33367199999999997,0.052700000000186265,0.3252600000000001,0.476938999999998
15.6,26.046892,7592.612,78.04847,32.130257,26.2,7592.832,78.0,32.35418,0.15310799999999958,0.22000000000025466,0.048469999999994684,0.2239229999999992
15.7,26.455336,7740.23,78.02457,33.21023,26.4,7739.786,78.5,33.489967,0.055336000000000496,0.44399999999950523,0.4754300000000029,0.27973699999999724
15.8,26.368628,7888.967,79.47276,34.59991,26.6,7888.624,79.0,34.63577,0.23137200000000036,0.3429999999998472,0.47275999999999385,0.03585999999999956
15.9,27.15283,8039.2373,79.86095,35.866,26.8,8039.358,79.5,35.79162,0.35283000000000087,0.12070000000039727,0.36095000000000255,0.07437999999999789
16.0,27.129084,8191.616,79.8729,37.21782,27.0,8192.0,80.0,36.95766,0.12908399999999887,0.38400000000001455,0.12709999999999866,0.26016000000000616
16.1,26.751871,8346.723,80.76296,37.681404,27.2,8346.562,80.5,38.134132,0.448128999999998,0.1610000000000582,0.26296000000000674,0.45272800000000046
16.2,27.36485,8502.828,80.804825,38.905994,27.4,8503.056,81.0,39.321373,0.035149999999998016,0.22800000000097498,0.1951750000000061,0.4153790000000015
16.3,27.477352,8661.496,81.41493,40.210957,27.6,8661.494,81.5,40.519806,0.12264800000000164,0.0019999999985884642,0.08507000000000176,0.30884900000000215
16.4,28.295033,8821.42,82.44391,41.60834,27.8,8821.888,82.0,41.729946,0.4950329999999994,0.4680000000007567,0.44391000000000247,0.12160599999999988
16.5,28.441545,8984.257,82.51089,43.015625,28.0,8984.25,82.5,42.952396,0.4415450000000014,0.006999999999607098,0.010890000000003397,0.06322899999999976
16.6,27.706556,9148.443,83.18286,43.751213,28.2,9148.592,83.0,44.187828,0.4934440000000002,0.14900000000125146,0.18286000000000513,0.4366150000000033
16.7,28.750156,9314.479,83.30909,45.461464,28.4,9314.926,83.5,45.436985,0.3501560000000019,0.4470000000001164,0.19091000000000236,0.024478999999999473
16.8,28.70776,9483.183,84.30296,46.493694,28.6,9483.264,84.0,46.70068,0.10775999999999897,0.08099999999831198,0.3029599999999988,0.20698600000000056
16.9,28.504154,9653.318,84.44001,47.531292,28.8,9653.618,84.5,47.979767,0.29584600000000094,0.3000000000010914,0.0599899999999991,0.44847500000000196
17.0,28.578192,9826.228,84.63577,49.401424,29.0,9826.0,85.0,49.27516,0.42180799999999863,0.227999999999156,0.36423000000000627,0.12626399999999904
17.1,29.446218,10000.62,85.30306,50.120823,29.2,10000.422,85.5,50.58781,0.24621799999999894,0.19800000000032014,0.1969399999999979,0.46698699999999604
17.2,29.518734,10176.584,86.214966,51.566555,29.4,10176.896,86.0,51.91868,0.1187339999999999,0.31199999999989814,0.214966000000004,0.3521250000000009
17.3,29.337793,10355.69,86.75623,53.56638,29.6,10355.434,86.5,53.26876,0.2622070000000001,0.25600000000122236,0.2562300000000022,0.297620000000002
17.4,29.559355,10536.49,87.33917,54.964657,29.8,10536.048,87.0,54.639057,0.24064500000000066,0.4419999999990978,0.33916999999999575,0.32560000000000144
17.5,30.382164,10718.677,87.65341,56.241364,30.0,10718.75,87.5,56.03056,0.3821639999999995,0.07300000000032014,0.15340999999999383,0.210803999999996
17.6,29.750975,10904.044,87.617615,57.525143,30.2,10903.552,88.0,57.444256,0.4490249999999989,0.4920000000001892,0.3823849999999993,0.08088699999999704
17.7,30.73722,11090.118,88.87676,59.094006,30.4,11090.466,88.5,58.881107,0.3372200000000021,0.34799999999995634,0.3767600000000044,0.21289900000000017
17.8,30.661835,11279.324,89.19227,60.50199,30.6,11279.504,89.0,60.342045,0.06183499999999853,0.18000000000029104,0.1922699999999935,0.15994500000000045
17.9,30.847145,11470.894,89.2391,61.595287,30.8,11470.678,89.5,61.827957,0.04714500000000044,0.21600000000034925,0.26090000000000657,0.23266999999999882
18.0,31.090006,11663.734,90.0789,63.641296,31.0,11664.0,90.0,63.339684,0.09000599999999892,0.26599999999962165,0.07890000000000441,0.30161199999999866
18.1,31.40743,11859.015,90.0714,64.614426,31.2,11859.482,90.5,64.878006,0.20743000000000222,0.467000000000553,0.428600000000003,0.2635800000000046
18.2,31.137447,12056.959,90.97422,66.67435,31.4,12057.136,91.0,66.44365,0.2625529999999969,0.17699999999967986,0.02577999999999747,0.2306999999999988
18.3,31.376091,12256.522,91.5396,68.44134,31.6,12256.974,91.5,68.03725,0.22390900000000258,0.45199999999931606,0.039599999999992974,0.4040899999999965
18.4,32.177235,12458.709,92.14657,69.571884,31.8,12459.008,92.0,69.65936,0.37723500000000243,0.2989999999990687,0.14656999999999698,0.08747600000000944
18.5,32.397163,12663.301,92.87676,71.29373,32.0,12663.25,92.5,71.31048,0.39716299999999904,0.05099999999947613,0.3767600000000044,0.01675000000000182
18.6,32.125023,12869.295,92.57208,72.54649,32.2,12869.712,93.0,72.990974,0.07497700000000407,0.4169999999994616,0.4279200000000003,0.44448399999998855
18.7,32.265812,13078.676,93.251274,74.93135,32.4,13078.406,93.5,74.701164,0.13418800000000175,0.26999999999861757,0.2487260000000049,0.23018599999998912
18.8,32.883892,13289.322,93.718636,75.997505,32.6,13289.344,94.0,76.44123,0.2838920000000016,0.02199999999902502,0.2813639999999964,0.4437250000000006
18.9,33.100853,13502.5,94.034256,78.684395,32.8,13502.538,94.5,78.21127,0.3008530000000036,0.03800000000046566,0.4657440000000008,0.473124999999996
19.0,32.779934,13718.116,94.960846,79.53923,33.0,13718.0,95.0,80.0113,0.22006600000000276,0.11599999999998545,0.03915399999999636,0.4720700000000022
19.1,33.43027,13935.828,95.57979,81.42586,33.2,13935.742,95.5,81.841194,0.2302699999999973,0.08599999999933061,0.07979000000000269,0.4153340000000014
19.2,32.966526,14155.423,95.83025,83.5419,33.4,14155.776,96.0,83.70078,0.4334739999999968,0.352999999999156,0.1697499999999934,0.15887999999999636
19.3,33.485565,14377.99,96.24772,85.2605,33.6,14378.114,96.5,85.589745,0.11443500000000029,0.12399999999979627,0.25227999999999895,0.32924500000000023
19.4,34.072723,14602.365,97.15841,87.965195,33.8,14602.768,97.0,87.507706,0.27272300000000627,0.4030000000002474,0.1584100000000035,0.45748899999999537
19.5,34.15051,14829.701,97.719,89.044914,34.0,14829.75,97.5,89.454185,0.15050999999999704,0.04900000000088767,0.2189999999999941,0.4092709999999897
19.6,33.875698,15058.578,98.09285,91.52288,34.2,15059.072,98.0,91.42861,0.324302000000003,0.49400000000059663,0.09284999999999854,0.09426999999999452
19.7,33.952816,15291.142,98.50072,93.63963,34.4,15290.746,98.5,93.43035,0.447184,0.3960000000006403,0.0007200000000011642,0.20927999999999258
19.8,34.51727,15524.978,99.343155,95.835785,34.6,15524.784,99.0,95.45868,0.08272999999999797,0.19399999999950523,0.3431549999999959,0.37710500000000025
19.9,34.63903,15761.66,99.192604,97.69748,34.8,15761.198,99.5,97.51282,0.16096999999999895,0.46199999999953434,0.3073959999999971,0.18465999999999383

Largest Deviations
Largest dev_y1_Y13,0.499221
Largest dev_y2_Y24,0.499000
Largest dev_y3_Y36,0.498943
Largest dev_y4_Y40,0.499779

Max Deviations
Max Deviation dev_y1_Y13,0.706005
Max Deviation dev_y2_Y24,0.705693
Max Deviation dev_y3_Y36,0.705612
Max Deviation dev_y4_Y40,0.706794
